-- Entries for 'genre' table 
INSERT INTO genre (id, name, description, popularity_rank, average_rating, mainstream)
VALUES
  ('1','Action', 'Exciting and fast-paced stories with intense scenes.', 1, 4.5, true),
  ('2','Romance', 'Stories centered around love and relationships.', 3, 4.2, false),
  ('3','Fantasy', 'Magical worlds and mythical creatures.', 2, 4.0, true),
  ('4','Mystery', 'Intriguing and suspenseful detective stories.', 5, 4.1, false),
  ('5','Sci-Fi', 'Exploration of futuristic and speculative concepts.', 4, 4.3, true),
  ('6','Adventure', 'Journeys and quests in unexplored territories.', 8, 3.9, true),
  ('7','Comedy', 'Humorous and lighthearted narratives.', 6, 4.2, false),
  ('8','Drama', 'Emotional and character-driven storytelling.', 7, 4.0, false),
  ('9','Horror', 'Terrifying and fear-inducing tales.', 10, 4.4, true),
  ('10','Historical', 'Set in specific historical periods or events.', 9, 3.8, false),
  ('11','Slice of Life', 'Everyday life and ordinary experiences.', 12, 3.7, false),
  ('12','Sports', 'Centered around athletic competitions and teams.', 11, 4.1, true),
  ('13','Supernatural', 'Incorporating elements beyond the natural realm.', 14, 4.3, true),
  ('14','Thriller', 'Intense and suspenseful narratives.', 13, 4.2, false),
  ('15','Psychological', 'Exploration of the human mind and behavior.', 16, 4.5, true),
  ('16','Music', 'Focused on the world of music and musicians.', 15, 3.9, false),
  ('17','Magic', 'Stories with magical powers and enchantments.', 18, 4.0, true),
  ('18','School Life', 'Set in academic institutions and student life.', 17, 3.8, false),
  ('19','Shoujo', 'Targeted towards a young female audience.', 20, 4.2, false),
  ('20','Shounen', 'Targeted towards a young male audience.', 19, 4.1, true),
  ('21','Isekai', 'Characters transported to alternate worlds.', 22, 4.2, true),
  ('22','Romantic Comedy', 'Combining elements of romance and humor.', 21, 4.1, false),
  ('23','Cyberpunk', 'Futuristic settings with advanced technology.', 24, 4.3, true),
  ('24','Historical Fantasy', 'Fantasy elements set in historical contexts.', 23, 4.0, true),
  ('25','Space Opera', 'Grand, epic tales set in outer space.', 26, 4.5, true),
  ('26','Mecha', 'Featuring giant robots and piloted machines.', 25, 4.2, false),
  ('27','Post-Apocalyptic', 'Stories set after a major catastrophe.', 28, 4.1, false),
  ('28','Time Travel', 'Exploration of time-traveling adventures.', 27, 4.4, true),
  ('29','Ecchi', 'Containing humorous and risqué situations.', 30, 3.9, true),
  ('30','Psychological Thriller', 'Combining psychological elements with suspense.', 29, 4.2, false),
  ('31','Historical Romance', 'Romantic tales set in historical periods.', 32, 4.0, false),
  ('32','Dystopian', 'Narratives depicting a society in a state of distress.', 31, 4.3, true),
  ('33','Superhero', 'Featuring characters with superhuman abilities.', 34, 4.1, true),
  ('34','Vampire', 'Involving vampires and supernatural elements.', 33, 4.2, false),
  ('35','Gender Bender', 'Exploration of characters changing gender roles.', 36, 4.5, true),
  ('36','Harem', 'Involving a protagonist surrounded by multiple love interests.', 35, 4.0, true),
  ('37','Military', 'Centered around military themes and conflicts.', 38, 4.3, true),
  ('38','Parody', 'Humorous imitations of other genres or works.', 37, 4.2, false),
  ('39','Seinen', 'Targeted towards an adult male audience.', 40, 3.9, false),
  ('40','Josei', 'Targeted towards an adult female audience.', 39, 4.0, true),
  ('41','Urban Fantasy', 'Fantasy elements in modern urban settings.', 42, 4.2, true),
  ('42','Steampunk', 'Victorian-era aesthetics with advanced steam-powered technology.', 41, 4.1, false),
  ('43','Martial Arts', 'Focusing on martial arts and combat skills.', 44, 4.3, true),
  ('44','Detective', 'Investigative stories with a focus on solving mysteries.', 43, 4.0, true),
  ('45','Fairy Tale', 'Reimagining classic fairy tales in new settings.', 46, 4.5, true),
  ('46','Robots', 'Stories centered around the use and impact of robots.', 45, 4.2, false),
  ('47','Medical', 'Involving medical professionals and healthcare themes.', 48, 4.1, false),
  ('48','Monster', 'Featuring creatures and monsters as central elements.', 47, 4.4, true),
  ('49','Political', 'Exploring political intrigue and power struggles.', 50, 3.9, true),
  ('50','Survival', 'Characters facing extreme conditions to survive.', 49, 4.2, false);




-- Entries for 'authors' table
INSERT INTO authors (id, name, country, total_work_published, most_recent_work_title, most_recent_work_publication_date)
VALUES
  (1, 'John Smith', 'United States', 12, 'The Lost Chronicles', '2023-06-15'),
  (2, 'Maria Rodriguez', 'Spain', 8, 'Echoes of Eternity', '2022-12-01'),
  (3, 'Takumi Suzuki', 'Japan', 17, 'Rising Sun Legends', '2024-02-28'),
  (4, 'Isabel Gomez', 'Mexico', 14, 'Serenade of Shadows', '2023-10-20'),
  (5, 'Alexandre Dupont', 'France', 11, 'Whispers in Paris', '2023-03-08'),
  (6, 'Li Wei', 'China', 9, 'Dragons Tale', '2022-11-18'),
  (7, 'Mia Johnson', 'Canada', 13, 'Northern Lights Odyssey', '2023-07-25'),
  (8, 'Sebastian Müller', 'Germany', 16, 'Chronicles of Tomorrow', '2024-01-03'),
  (9, 'Ana Silva', 'Portugal', 10, 'Enchanted Memories', '2022-09-12'),
  (10, 'Haruka Tanaka', 'Japan', 20, 'Harmony of Seasons', '2024-04-14'),
  (11, 'Emma Williams', 'United Kingdom', 15, 'Whimsical Dreams', '2023-12-05'),
  (12, 'Ravi Patel', 'India', 18, 'Epic Tales of Rajputana', '2024-03-22'),
  (13, 'Alicia Fernandez', 'Spain', 7, 'Sunset Serenade', '2022-08-09'),
  (14, 'Yuki Nakamura', 'Japan', 22, 'Spirit of Sakura', '2024-06-30'),
  (15, 'Omar Khalid', 'Egypt', 19, 'Pharaohs Legacy', '2024-05-18'),
  (16, 'Sophie Martin', 'France', 14, 'Reflections in Montmartre', '2023-11-30'),
  (17, 'Gabriel Oliveira', 'Brazil', 21, 'Samba Nights', '2024-07-10'),
  (18, 'Olga Petrov', 'Russia', 12, 'Russian Winter Tales', '2023-05-02'),
  (19, 'Carlos Fernandez', 'Mexico', 16, 'Aztec Legends', '2023-09-28'),
  (20, 'Elena Kovac', 'Croatia', 9, 'Adriatic Whispers', '2022-10-15'),
  (21, 'Luisa Hernandez', 'Mexico', 14, 'Midnight Serenade', '2023-11-15'),
  (22, 'Hiroshi Yamamoto', 'Japan', 19, 'Whispers of the Cherry Blossoms', '2024-03-01'),
  (23, 'Sophia Rossi', 'Italy', 9, 'Venetian Dreams', '2022-12-18'),
  (24, 'Raj Patel', 'India', 16, 'Tales of the Maharajas', '2024-02-15'),
  (25, 'Anne Johnson', 'United States', 11, 'Enchanted Garden', '2023-08-10'),
  (26, 'Antonio Mendez', 'Spain', 7, 'Spanish Sunset', '2022-10-30'),
  (27, 'Yui Nakamura', 'Japan', 21, 'Echoes of the Bamboo Grove', '2024-05-05'),
  (28, 'Elena Costa', 'Portugal', 13, 'Lisbon Love Stories', '2023-07-18'),
  (29, 'Nina Petrova', 'Russia', 17, 'Russian Winter Nights', '2024-01-25'),
  (30, 'Seo Joon Kim', 'South Korea', 12, 'Seoul Serenade', '2023-05-28'),
  (31, 'Carlos Rodriguez', 'Mexico', 22, 'Mayan Legends', '2024-06-20'),
  (32, 'Eva Schmidt', 'Germany', 15, 'Berlin Chronicles', '2023-12-30'),
  (33, 'Aya Tanaka', 'Japan', 18, 'Sakura Dreams', '2024-04-08'),
  (34, 'Dmitri Ivanov', 'Russia', 10, 'Winter Tales of the Tsars', '2023-09-10'),
  (35, 'Olivia Lee', 'Canada', 20, 'Maple Leaf Melodies', '2024-07-30'),
  (36, 'Jose Fernandez', 'Spain', 14, 'Barcelona Nights', '2023-02-22'),
  (37, 'Lin Mei', 'China', 8, 'Silk Road Adventures', '2022-11-08'),
  (38, 'Sofia Alves', 'Portugal', 16, 'Porto Whispers', '2023-06-05'),
  (39, 'Maxim Volkov', 'Russia', 11, 'Tales from the Taiga', '2023-10-12'),
  (40, 'Ananya Gupta', 'India', 19, 'Rhythms of Rajasthan', '2024-08-12'),
  (41, 'Carlos Mendez', 'Mexico', 15, 'Mayan Enchantments', '2023-09-01'),
  (42, 'Elena Rossi', 'Italy', 10, 'Tales of Tuscany', '2023-04-12'),
  (43, 'Jin Lee', 'South Korea', 14, 'Seoul Symphony', '2023-11-28'),
  (44, 'Nina Kowalski', 'Poland', 12, 'Whispers of Warsaw', '2023-08-15'),
  (45, 'Akira Tanaka', 'Japan', 23, 'Blossoms in Kyoto', '2024-06-10'),
  (46, 'Raul Hernandez', 'Mexico', 18, 'Latin Rhythms', '2024-01-18'),
  (47, 'Svetlana Ivanova', 'Russia', 13, 'Russian Folklore Tales', '2023-05-30'),
  (48, 'Sara Costa', 'Portugal', 17, 'Lisbon Legends', '2024-03-05'),
  (49, 'Muhammad Ali', 'Pakistan', 8, 'Tales from the Indus Valley', '2022-12-28'),
  (50, 'Lila Chen', 'China', 20, 'Silk Road Serenade', '2024-07-25');
  

-- Entries for 'manga_publishers' table
INSERT INTO manga_publishers (id, name, year_founded, headquarters_city, employees_count, annual_revenue) 
VALUES
(1, 'Shueisha', '1925', 'Tokyo', 500, 1000000000),
(2, 'Kodansha', '1909', 'Tokyo', 600, 1200000000),
(3, 'Shogakukan', '1922', 'Tokyo', 550, 1100000000),
(4, 'Square Enix', '1975', 'Tokyo', 450, 900000000),
(5, 'VIZ Media', '1986', 'Tokyo', 300, 800000000),
(6, 'Jump Comics', '1967', 'Tokyo', 400, 950000000),
(7, 'Kadokawa Shoten', '1945', 'Tokyo', 700, 1500000000),
(8, 'Fujimi Shobo', '1991', 'Osaka', 250, 700000000),
(9, 'Hakusensha', '1973', 'Tokyo', 350, 850000000),
(10, 'ASCII Media Works', '1988', 'Tokyo', 280, 750000000),
(11, 'Akita Shoten', '1938', 'Tokyo', 320, 820000000),
(12, 'Gentosha', '1999', 'Tokyo', 180, 500000000),
(13, 'Kaiseisha', '1926', 'Tokyo', 200, 600000000),
(14, 'Leed Publishing', '1967', 'Tokyo', 150, 400000000),
(15, 'Mag Garden', '2001', 'Tokyo', 220, 670000000),
(16, 'Media Factory', '1986', 'Tokyo', 260, 720000000),
(17, 'Shinchosha', '1896', 'Tokyo', 420, 880000000),
(18, 'Shueisha', '1932', 'Tokyo', 320, 830000000),
(19, 'Tokuma Shoten', '1954', 'Tokyo', 300, 800000000),
(20, 'Wani Books', '1979', 'Tokyo', 130, 350000000),
(21, 'Gakken', '1946', 'Tokyo', 180, 400000000),
(22, 'Ichijinsha', '1992', 'Tokyo', 220, 600000000),
(23, 'Kobunsha', '1948', 'Tokyo', 150, 350000000),
(24, 'Ohzora Publishing', '1977', 'Tokyo', 200, 500000000),
(25, 'Seirindo', '1960', 'Osaka', 120, 300000000),
(26, 'Shodensha', '1925', 'Tokyo', 170, 450000000),
(27, 'Futabasha', '1948', 'Tokyo', 250, 700000000),
(28, 'Houbunsha', '1967', 'Tokyo', 180, 420000000),
(29, 'Media Works', '1985', 'Tokyo', 300, 850000000),
(30, 'Fusosha', '1948', 'Tokyo', 160, 380000000),
(31, 'Bungeishunju', '1923', 'Tokyo', 220, 600000000),
(32, 'Kawade Shobo Shinsha', '1897', 'Tokyo', 200, 550000000),
(33, 'Leed Publishing', '1972', 'Tokyo', 130, 350000000),
(34, 'Gentosha', '1991', 'Tokyo', 250, 700000000),
(35, 'Nihon Bungeisha', '1951', 'Tokyo', 190, 450000000),
(36, 'Takeshobo', '1972', 'Tokyo', 160, 400000000),
(37, 'Shueisha', '1933', 'Tokyo', 320, 830000000),
(38, 'Futami Shobo', '1996', 'Tokyo', 110, 300000000),
(39, 'Mag Garden', '2003', 'Tokyo', 240, 650000000),
(40, 'Seikaisha', '1974', 'Tokyo', 140, 370000000),
(41, 'Kadokawa', '1945', 'Tokyo', 700, 1500000000),
(42, 'Hakusensha', '1973', 'Tokyo', 350, 850000000),
(43, 'ASCII Media Works', '1988', 'Tokyo', 280, 750000000),
(44, 'Akita Shoten', '1938', 'Tokyo', 320, 820000000),
(45, 'Gentosha', '1999', 'Tokyo', 180, 500000000),
(46, 'Kaiseisha', '1926', 'Tokyo', 200, 600000000),
(47, 'Leed Publishing', '1967', 'Tokyo', 150, 400000000),
(48, 'Mag Garden', '2001', 'Tokyo', 220, 670000000),
(49, 'Media Factory', '1986', 'Tokyo', 260, 720000000),
(50, 'Shinchosha', '1896', 'Tokyo', 420, 880000000);

-- Entries for 'manga' table
INSERT INTO manga (id, title, release_date, total_chapters, average_rating, genre_id, manga_publishers_id, authors_id)
VALUES
(1, 'Naruto', '2000-09-21', 700, 4.75, 1, 1, 1),
(2, 'One Piece', '1997-07-22', 1043, 4.81, 1, 2, 2),
(3, 'Death Note', '2003-12-01', 108, 4.74, 2, 3, 3),
(4, 'Attack on Titan', '2009-09-09', 139, 4.64, 3, 4, 4),
(5, 'My Hero Academia', '2014-07-07', 348, 4.81, 1, 5, 5),
(6, 'Dragon Ball', '1984-11-20', 519, 4.36, 1, 6, 6),
(7, 'Demon Slayer', '2016-02-15', 205, 4.73, 3, 7, 7),
(8, 'Fullmetal Alchemist', '2001-07-12', 116, 4.74, 1, 8, 8),
(9, 'One Punch Man', '2009-06-14', 159, 4.64, 1, 9, 9),
(10, 'Tokyo Ghoul', '2011-09-08', 144, 4.35, 2, 10, 10),
(11, 'Hunter x Hunter', '1998-03-03', 391, 4.66, 1, 11, 11),
(12, 'Sailor Moon', '1991-07-06', 60, 4.06, 4, 12, 12),
(13, 'Bleach', '2001-08-07', 686, 4.60, 1, 13, 13),
(14, 'Fairy Tail', '2006-08-02', 545, 4.27, 1, 14, 14),
(15, 'Black Clover', '2015-02-16', 328, 4.24, 1, 15, 15),
(16, 'JoJo''s Bizarre Adventure', '1987-01-01', 137, 4.13, 5, 16, 16),
(17, 'Nausicaä of the Valley of the Wind', '1982-02-11', 7, 4.56, 6, 17, 17),
(18, 'Astro Boy', '1952-04-07', 112, 4.11, 1, 18, 18),
(19, 'Akira', '1984-09-21', 120, 4.38, 3, 19, 19),
(20, 'Death Parade', '2013-07-11', 12, 4.25, 7, 20, 20),
(21, 'Demon Slayer: Kimetsu no Yaiba', '2016-06-03', 205, 4.73, 3, 7, 7),
(22, 'Jujutsu Kaisen', '2018-03-05', 190, 4.78, 1, 2, 21),
(23, 'Black Butler', '2006-09-16', 179, 4.36, 2, 22, 22),
(24, 'Haikyuu!!', '2012-02-20', 402, 4.72, 8, 23, 23),
(25, 'Vinland Saga', '2005-04-13', 182, 4.31, 9, 24, 24),
(26, 'Dorohedoro', '1999-12-23', 167, 4.42, 10, 25, 25),
(27, 'Blue Exorcist', '2009-04-04', 127, 4.23, 2, 26, 26),
(28, 'The Promised Neverland', '2016-08-01', 181, 4.76, 2, 27, 27),
(29, 'Neon Genesis Evangelion', '1994-09-04', 96, 4.41, 11, 28, 28),
(30, 'D.Gray-man', '2004-05-31', 240, 4.33, 2, 29, 29),
(31, 'Pluto', '2003-09-04', 65, 4.39, 12, 30, 30),
(32, 'Hellsing', '1997-09-03', 92, 4.26, 13, 31, 31),
(33, 'Berserk', '1989-08-25', 364, 4.76, 14, 32, 32),
(34, 'Yotsuba&!', '2003-03-21', 115, 4.86, 15, 33, 33),
(35, 'Made in Abyss', '2012-07-01', 63, 4.78, 16, 34, 34),
(36, 'Vagabond', '1998-09-01', 327, 4.43, 9, 35, 35),
(37, 'Golden Kamuy', '2014-08-21', 300, 4.66, 17, 36, 36),
(38, 'Nana', '2000-05-10', 84, 4.42, 18, 37, 37),
(39, 'Akatsuki no Yona', '2009-08-04', 223, 4.68, 19, 38, 38),
(40, 'Toriko', '2008-05-19', 396, 4.21, 1, 39, 39),
(41, 'Beastars', '2016-09-08', 201, 4.45, 20, 40, 40),
(42, 'Kuroko no Basket', '2008-12-08', 276, 4.36, 8, 41, 41),
(43, 'My Youth Romantic Comedy Is Wrong, As I Expected', '2011-03-18', 138, 4.30, 21, 42, 42),
(44, 'The Rising of the Shield Hero', '2012-08-22', 73, 4.18, 22, 43, 43),
(45, 'Noragami', '2010-12-06', 98, 4.28, 2, 44, 44),
(46, 'World Trigger', '2013-02-09', 232, 4.19, 23, 45, 45),
(47, 'Mushishi', '1999-05-25', 50, 4.42, 24, 46, 46),
(48, 'March Comes in Like a Lion', '2007-07-13', 219, 4.41, 25, 47, 47),
(49, 'A Silent Voice', '2013-08-07', 64, 4.51, 26, 48, 48),
(50, 'The Quintessential Quintuplets', '2017-08-09', 122, 4.51, 27, 49, 49);

-- Entries for 'readers' table
INSERT INTO readers (id, name, email, country, monthly_reads_count)
VALUES
(1, 'Alice Johnson', 'alice@example.com', 'USA', 30),
(2, 'Bob Smith', 'bob@example.com', 'Canada', 25),
(3, 'Charlie Brown', 'charlie@example.com', 'UK', 40),
(4, 'David Miller', 'david@example.com', 'Australia', 20),
(5, 'Eva White', 'eva@example.com', 'Germany', 35),
(6, 'Frank Davis', 'frank@example.com', 'France', 28),
(7, 'Grace Wilson', 'grace@example.com', 'Japan', 22),
(8, 'Harry Lee', 'harry@example.com', 'South Korea', 33),
(9, 'Ivy Chen', 'ivy@example.com', 'China', 26),
(10, 'Jack Robinson', 'jack@example.com', 'Brazil', 18),
(11, 'Karen Kim', 'karen@example.com', 'Mexico', 31),
(12, 'Leo Garcia', 'leo@example.com', 'Spain', 27),
(13, 'Mia Patel', 'mia@example.com', 'India', 29),
(14, 'Nathan Nguyen', 'nathan@example.com', 'Vietnam', 24),
(15, 'Olivia Martinez', 'olivia@example.com', 'Italy', 36),
(16, 'Peter Hernandez', 'peter@example.com', 'Philippines', 23),
(17, 'Quinn Taylor', 'quinn@example.com', 'South Africa', 19),
(18, 'Rachel Wang', 'rachel@example.com', 'Singapore', 32),
(19, 'Samuel Lopez', 'samuel@example.com', 'Argentina', 21),
(20, 'Tina Kim', 'tina@example.com', 'South Korea', 34),
(21, 'Victor Silva', 'victor@example.com', 'Brazil', 26),
(22, 'Wendy Chang', 'wendy@example.com', 'Taiwan', 29),
(23, 'Xavier Gomez', 'xavier@example.com', 'Mexico', 18),
(24, 'Yuki Tanaka', 'yuki@example.com', 'Japan', 33),
(25, 'Zara Ahmed', 'zara@example.com', 'Pakistan', 22),
(26, 'Aaron Brown', 'aaron@example.com', 'USA', 35),
(27, 'Bella Rossi', 'bella@example.com', 'Italy', 31),
(28, 'Carlos Fernandez', 'carlos@example.com', 'Spain', 27),
(29, 'Diana Kim', 'diana@example.com', 'South Korea', 24),
(30, 'Elijah White', 'elijah@example.com', 'Canada', 30),
(31, 'Fiona Lee', 'fiona@example.com', 'Singapore', 32),
(32, 'Gavin Murphy', 'gavin@example.com', 'Ireland', 19),
(33, 'Hana Suzuki', 'hana@example.com', 'Japan', 28),
(34, 'Ibrahim Khan', 'ibrahim@example.com', 'Pakistan', 25),
(35, 'Jasmine Patel', 'jasmine@example.com', 'India', 26),
(36, 'Kevin Nguyen', 'kevin@example.com', 'Vietnam', 23),
(37, 'Lily Chen', 'lily@example.com', 'China', 36),
(38, 'Milo Rodriguez', 'milo@example.com', 'Spain', 20),
(39, 'Nina Gonzalez', 'nina@example.com', 'Mexico', 29),
(40, 'Oscar Smith', 'oscar@example.com', 'USA', 34),
(41, 'Penelope Kim', 'penelope@example.com', 'South Korea', 27),
(42, 'Quincy Thomas', 'quincy@example.com', 'USA', 31),
(43, 'Rosa Hernandez', 'rosa@example.com', 'Mexico', 22),
(44, 'Sebastian Lopez', 'sebastian@example.com', 'Argentina', 25),
(45, 'Tara Brown', 'tara@example.com', 'Canada', 28),
(46, 'Uma Patel', 'uma@example.com', 'India', 33),
(47, 'Vince Garcia', 'vince@example.com', 'Philippines', 30),
(48, 'Willow Wilson', 'willow@example.com', 'Australia', 26),
(49, 'Xander Martinez', 'xander@example.com', 'Spain', 29),
(50, 'Yara Ahmed', 'yara@example.com', 'Egypt', 24);

-- Entries for 'readers_subscriptions' table
INSERT INTO readers_subscriptions (id, readers_id, start_date, end_date, subscription_plan) 
VALUES
(1, 1, '2022-01-01', '2022-12-31', 'Basic Plan'),
(2, 2, '2022-02-15', '2022-11-30', 'Standard Plan'),
(3, 3, '2022-03-10', '2022-10-15', 'Premium Plan'),
(4, 4, '2022-04-05', '2022-09-20', 'Basic Plan'),
(5, 5, '2022-05-20', '2022-08-05', 'Standard Plan'),
(6, 6, '2022-06-15', '2022-07-31', 'Premium Plan'),
(7, 7, '2022-07-01', '2022-12-31', 'Basic Plan'),
(8, 8, '2022-08-12', '2022-11-15', 'Standard Plan'),
(9, 9, '2022-09-25', '2022-10-30', 'Premium Plan'),
(10, 10, '2022-10-10', '2022-12-31', 'Basic Plan'),
(11, 11, '2022-11-05', '2022-11-30', 'Standard Plan'),
(12, 12, '2022-12-20', '2022-12-31', 'Premium Plan'),
(13, 13, '2023-01-01', '2023-12-31', 'Basic Plan'),
(14, 14, '2023-02-15', '2023-11-30', 'Standard Plan'),
(15, 15, '2023-03-10', '2023-10-15', 'Premium Plan'),
(16, 16, '2023-04-05', '2023-09-20', 'Basic Plan'),
(17, 17, '2023-05-20', '2023-08-05', 'Standard Plan'),
(18, 18, '2023-06-15', '2023-07-31', 'Premium Plan'),
(19, 19, '2023-07-01', '2023-12-31', 'Basic Plan'),
(20, 20, '2023-08-12', '2023-11-15', 'Standard Plan'),
(21, 21, '2023-09-25', '2023-10-30', 'Premium Plan'),
(22, 22, '2023-10-10', '2023-12-31', 'Basic Plan'),
(23, 23, '2023-11-05', '2023-11-30', 'Standard Plan'),
(24, 24, '2023-12-20', '2023-12-31', 'Premium Plan'),
(25, 25, '2024-01-01', '2024-12-31', 'Basic Plan'),
(26, 26, '2024-02-15', '2024-11-30', 'Standard Plan'),
(27, 27, '2024-03-10', '2024-10-15', 'Premium Plan'),
(28, 28, '2024-04-05', '2024-09-20', 'Basic Plan'),
(29, 29, '2024-05-20', '2024-08-05', 'Standard Plan'),
(30, 30, '2024-06-15', '2024-07-31', 'Premium Plan'),
(31, 31, '2024-07-01', '2024-12-31', 'Basic Plan'),
(32, 32, '2024-08-12', '2024-11-15', 'Standard Plan'),
(33, 33, '2024-09-25', '2024-10-30', 'Premium Plan'),
(34, 34, '2024-10-10', '2024-12-31', 'Basic Plan'),
(35, 35, '2024-11-05', '2024-11-30', 'Standard Plan'),
(36, 36, '2024-12-20', '2024-12-31', 'Premium Plan'),
(37, 37, '2025-01-01', '2025-12-31', 'Basic Plan'),
(38, 38, '2025-02-15', '2025-11-30', 'Standard Plan'),
(39, 39, '2025-03-10', '2025-10-15', 'Premium Plan'),
(40, 40, '2025-04-05', '2025-09-20', 'Basic Plan'),
(41, 41, '2025-05-20', '2025-08-05', 'Standard Plan'),
(42, 42, '2025-06-15', '2025-07-31', 'Premium Plan'),
(43, 43, '2025-07-01', '2025-12-31', 'Basic Plan'),
(44, 44, '2025-08-12', '2025-11-15', 'Standard Plan'),
(45, 45, '2025-09-25', '2025-10-30', 'Premium Plan'),
(46, 46, '2025-10-10', '2025-12-31', 'Basic Plan'),
(47, 47, '2025-11-05', '2025-11-30', 'Standard Plan'),
(48, 48, '2025-12-20', '2025-12-31', 'Premium Plan'),
(49, 49, '2026-01-01', '2026-12-31', 'Basic Plan'),
(50, 50, '2026-02-15', '2026-11-30', 'Standard Plan');

--Entries for 'readers_list' table
INSERT INTO readers_list (id, readers_id, manga_id, date_read, review_score, review_text)
VALUES
(1, 1, 1, '2022-01-15', 4.5, 'Enjoyed the storyline and characters.'),
(2, 2, 2, '2022-02-28', 4.8, 'Great art and engaging plot.'),
(3, 3, 3, '2022-03-10', 4.2, 'Interesting characters but pacing was a bit slow.'),
(4, 4, 4, '2022-04-05', 4.0, 'Solid manga, looking forward to the next chapters.'),
(5, 5, 5, '2022-05-20', 4.5, 'Amazing world-building and unique concept.'),
(6, 6, 6, '2022-06-15', 3.8, 'Enjoyable, but the ending felt rushed.'),
(7, 7, 7, '2022-07-01', 4.7, 'A must-read! Loved every moment.'),
(8, 8, 8, '2022-08-12', 4.2, 'Engaging plot twists and well-developed characters.'),
(9, 9, 9, '2022-09-25', 4.5, 'Solid manga with great action sequences.'),
(10, 10, 10, '2022-10-10', 3.5, 'Interesting concept, but some parts were confusing.'),
(11, 11, 11, '2022-11-05', 4.8, 'Fantastic artwork and compelling storyline.'),
(12, 12, 12, '2022-12-20', 4.0, 'Classic series with a timeless appeal.'),
(13, 13, 13, '2023-01-01', 4.5, 'Intriguing characters and well-paced story.'),
(14, 14, 14, '2023-02-15', 4.7, 'Epic adventure with memorable characters.'),
(15, 15, 15, '2023-03-10', 4.3, 'Enjoyable read, but the ending left me wanting more.'),
(16, 16, 16, '2023-04-05', 4.6, 'Unique and imaginative world-building.'),
(17, 17, 17, '2023-05-20', 4.2, 'Great character development throughout the series.'),
(18, 18, 18, '2023-06-15', 4.8, 'Classic manga with a timeless appeal.'),
(19, 19, 19, '2023-07-01', 4.5, 'Engrossing plot and well-executed twists.'),
(20, 20, 20, '2023-08-12', 4.2, 'Solid storytelling and engaging characters.'),
(21, 1, 5, '2023-09-25', 4.5, 'Continues to impress with each chapter.'),
(22, 2, 8, '2023-10-10', 4.0, 'Well-crafted narrative and unexpected twists.'),
(23, 3, 12, '2023-11-05', 4.8, 'Nostalgic feel, a must-read for long-time fans.'),
(24, 4, 15, '2023-12-20', 4.2, 'Captivating from beginning to end.'),
(25, 5, 3, '2024-01-01', 4.6, 'Artistic brilliance and a gripping storyline.'),
(26, 6, 7, '2024-02-15', 4.3, 'Thoroughly enjoyed the character dynamics.'),
(27, 7, 11, '2024-03-10', 4.7, 'A rollercoaster of emotions, couldnt put it down.'),
(28, 8, 16, '2024-04-05', 4.0, 'Immersive world-building and well-defined lore.'),
(29, 9, 19, '2024-05-20', 4.5, 'Keeps you on the edge of your seat.'),
(30, 10, 2, '2024-06-15', 3.8, 'Unique concept, but execution fell short.'),
(31, 11, 14, '2024-07-01', 4.2, 'Intricate plot and unexpected plot twists.'),
(32, 12, 18, '2024-08-12', 4.5, 'A timeless classic that never gets old.'),
(33, 13, 1, '2024-09-25', 4.7, 'Masterful storytelling and character development.'),
(34, 14, 4, '2024-10-10', 4.2, 'Engaging from the first page to the last.'),
(35, 15, 9, '2024-11-05', 4.8, 'Exceptional artwork and a compelling narrative.'),
(36, 16, 13, '2024-12-20', 4.0, 'A journey worth taking, highly recommended.'),
(37, 17, 6, '2025-01-01', 4.5, 'Well-paced with well-defined characters.'),
(38, 18, 10, '2025-02-15', 4.3, 'A satisfying blend of action and emotion.'),
(39, 19, 20, '2025-03-10', 4.6, 'Kept me hooked with its unpredictable twists.'),
(40, 20, 17, '2025-04-05', 4.2, 'An underrated gem with a rich storyline.'),
(41, 1, 8, '2025-05-20', 4.5, 'Continues to surprise with its plot twists.'),
(42, 2, 14, '2025-06-15', 4.2, 'A hidden gem with a unique storyline.'),
(43, 3, 4, '2025-07-01', 4.8, 'Immersive world-building and diverse characters.'),
(44, 4, 12, '2025-08-12', 4.0, 'A satisfying conclusion to an epic saga.'),
(45, 5, 19, '2025-09-25', 4.6, 'Keeps the reader engaged with its intricate plot.'),
(46, 6, 5, '2025-10-10', 3.7, 'Good, but some character development felt lacking.'),
(47, 7, 16, '2025-11-05', 4.5, 'The art style complements the story beautifully.'),
(48, 8, 11, '2025-12-20', 4.2, 'An underrated series with deep philosophical themes.'),
(49, 9, 1, '2026-01-01', 4.7, 'A masterpiece that stands the test of time.'),
(50, 10, 9, '2026-02-15', 4.4, 'A rollercoaster of emotions with a satisfying ending.');

-- Entries for the 'manga_series_readers' table 
INSERT INTO manga_series_readers (id, readers_id, manga_id)
VALUES
(1, 1, 1),
(2, 2, 2),
(3, 3, 3),
(4, 4, 4),
(5, 5, 5),
(6, 6, 6),
(7, 7, 7),
(8, 8, 8),
(9, 9, 9),
(10, 10, 10),
(11, 11, 11),
(12, 12, 12),
(13, 13, 13),
(14, 14, 14),
(15, 15, 15),
(16, 16, 16),
(17, 17, 17),
(18, 18, 18),
(19, 19, 19),
(20, 20, 20),
(21, 21, 21),
(22, 22, 22),
(23, 23, 23),
(24, 24, 24),
(25, 25, 25),
(26, 26, 26),
(27, 27, 27),
(28, 28, 28),
(29, 29, 29),
(30, 30, 30),
(31, 31, 31),
(32, 32, 32),
(33, 33, 33),
(34, 34, 34),
(35, 35, 35),
(36, 36, 36),
(37, 37, 37),
(38, 38, 38),
(39, 39, 39),
(40, 40, 40),
(41, 41, 41),
(42, 42, 42),
(43, 43, 43),
(44, 44, 44),
(45, 45, 45),
(46, 46, 46),
(47, 47, 47),
(48, 48, 48),
(49, 49, 49),
(50, 50, 50);



-- Entries for 'editors' table
INSERT INTO editors (id,name, birthdate, country, editorial_experience_years, projects_managed_count) 
VALUES
(1, 'John Smith', '1980-05-15', 'USA', 15, 30),
(2, 'Emma Johnson', '1985-08-22', 'Canada', 12, 25),
(3, 'Carlos Rodriguez', '1978-03-10', 'Mexico', 18, 35),
(4, 'Anna Lee', '1990-11-05', 'UK', 10, 20),
(5, 'Mohammed Ahmed', '1982-06-20', 'Egypt', 14, 28),
(6, 'Sophie Martin', '1987-01-30', 'France', 16, 32),
(7, 'Ravi Kapoor', '1984-09-12', 'India', 13, 27),
(8, 'Aiko Tanaka', '1975-12-08', 'Japan', 20, 40),
(9, 'Elena Petrov', '1989-04-25', 'Russia', 11, 22),
(10, 'Diego Silva', '1983-07-01', 'Brazil', 17, 34),
(11, 'Lily Chen', '1992-02-18', 'China', 9, 18),
(12, 'Matteo Ferrari', '1976-10-05', 'Italy', 19, 38),
(13, 'Isabella Gonzalez', '1986-08-15', 'Spain', 14, 28),
(14, 'Khaled Al-Farsi', '1981-03-30', 'Saudi Arabia', 16, 32),
(15, 'Olga Sokolova', '1993-06-22', 'Ukraine', 8, 16),
(16, 'Antonio Ruiz', '1979-11-17', 'Argentina', 18, 36),
(17, 'Maria Fernandez', '1988-07-10', 'Colombia', 12, 24),
(18, 'Seung-Ho Park', '1980-04-03', 'South Korea', 15, 30),
(19, 'Catherine Dupont', '1984-09-28', 'Belgium', 13, 26),
(20, 'Mariusz Nowak', '1987-12-15', 'Poland', 11, 22),
(21, 'Nina Williams', '1982-03-18', 'Australia', 14, 28),
(22, 'Juan Martinez', '1977-09-01', 'Argentina', 16, 32),
(23, 'Sofia Oliveira', '1985-05-12', 'Brazil', 11, 22),
(24, 'Haruki Tanaka', '1990-11-25', 'Japan', 17, 34),
(25, 'Elena Rodriguez', '1988-06-10', 'Spain', 15, 30),
(26, 'Yuri Kim', '1983-04-03', 'South Korea', 12, 24),
(27, 'Alexandre Dubois', '1981-01-15', 'France', 18, 36),
(28, 'Anastasia Ivanova', '1986-07-20', 'Russia', 10, 20),
(29, 'Chen Wei', '1979-12-05', 'China', 14, 28),
(30, 'Giuseppe Rossi', '1984-08-22', 'Italy', 16, 32),
(31, 'Fatemeh Ahmadi', '1989-02-28', 'Iran', 13, 26),
(32, 'Lucia Hernandez', '1980-10-15', 'Mexico', 15, 30),
(33, 'Kazuki Yamamoto', '1992-06-18', 'Japan', 11, 22),
(34, 'Anna Petrova', '1978-03-08', 'Russia', 17, 34),
(35, 'Raj Patel', '1987-09-22', 'India', 14, 28),
(36, 'Mia Smith', '1985-05-01', 'USA', 12, 24),
(37, 'Carlos Mendez', '1983-11-12', 'Spain', 15, 30),
(38, 'Aisha Al-Mansoori', '1990-04-25', 'UAE', 16, 32),
(39, 'Eva Sanchez', '1986-08-28', 'Argentina', 13, 26),
(40, 'Kenji Nakamura', '1981-12-15', 'Japan', 19, 38),
(41, 'Luisa Costa', '1984-05-20', 'Portugal', 12, 24),
(42, 'Hiroshi Tanaka', '1989-09-10', 'Japan', 14, 28),
(43, 'Sophie Laurent', '1983-02-05', 'Belgium', 16, 32),
(44, 'Alejandro Ruiz', '1986-07-15', 'Mexico', 10, 20),
(45, 'Ananya Kapoor', '1991-11-28', 'India', 15, 30),
(46, 'Viktor Ivanov', '1977-04-03', 'Russia', 18, 36),
(47, 'Yuki Kato', '1982-08-22', 'Japan', 13, 26),
(48, 'Carmen Garcia', '1985-03-18', 'Spain', 17, 34),
(49, 'Mikhail Sokolov', '1980-10-01', 'Russia', 11, 22),
(50, 'Emma Wilson', '1989-06-12', 'USA', 14, 28);

-- Entries for the 'manga_editors' table
INSERT INTO manga_editors (id, manga_id, editors_id) 
VALUES
(1, 1, 1),
(2, 2, 2),
(3, 3, 3),
(4, 4, 4),
(5, 5, 5),
(6, 6, 6),
(7, 7, 7),
(8, 8, 8),
(9, 9, 9),
(10, 10, 10),
(11, 11, 11),
(12, 12, 12),
(13, 13, 13),
(14, 14, 14),
(15, 15, 15),
(16, 16, 16),
(17, 17, 17),
(18, 18, 18),
(19, 19, 19),
(20, 20, 20),
(21, 21, 21),
(22, 22, 22),
(23, 23, 23),
(24, 24, 24),
(25, 25, 25),
(26, 26, 26),
(27, 27, 27),
(28, 28, 28),
(29, 29, 29),
(30, 30, 30),
(31, 31, 31),
(32, 32, 32),
(33, 33, 33),
(34, 34, 34),
(35, 35, 35),
(36, 36, 36),
(37, 37, 37),
(38, 38, 38),
(39, 39, 39),
(40, 40, 40),
(41, 41, 41),
(42, 42, 42),
(43, 43, 43),
(44, 44, 44),
(45, 45, 45),
(46, 46, 46),
(47, 47, 47),
(48, 48, 48),
(49, 49, 49),
(50, 50, 50);


-- Entries for the 'manga_volumes' table
INSERT INTO manga_volumes (id, manga_id, release_date, total_pages, price)
VALUES
(1, 1, '2022-01-15', 200, 12.99),
(2, 2, '2022-02-28', 180, 10.99),
(3, 3, '2022-03-10', 220, 14.99),
(4, 4, '2022-04-05', 190, 11.99),
(5, 5, '2022-05-20', 210, 13.99),
(6, 6, '2022-06-15', 180, 10.99),
(7, 7, '2022-07-01', 200, 12.99),
(8, 8, '2022-08-12', 230, 15.99),
(9, 9, '2022-09-25', 195, 11.99),
(10, 10, '2022-10-10', 210, 13.99),
(11, 11, '2022-11-05', 220, 14.99),
(12, 12, '2022-12-20', 200, 12.99),
(13, 13, '2023-01-01', 190, 11.99),
(14, 14, '2023-02-15', 205, 13.99),
(15, 15, '2023-03-10', 195, 11.99),
(16, 16, '2023-04-05', 210, 13.99),
(17, 17, '2023-05-20', 220, 14.99),
(18, 18, '2023-06-15', 200, 12.99),
(19, 19, '2023-07-01', 190, 11.99),
(20, 20, '2023-08-12', 205, 13.99);

-- Entries for the manga_volumes table
INSERT INTO manga_volumes (id, manga_id, release_date, total_pages, price) VALUES
(1, 1, '2022-01-15', 200, 12.99),
(2, 2, '2022-02-28', 180, 10.99),
(3, 3, '2022-03-10', 220, 14.99),
(4, 4, '2022-04-05', 190, 11.99),
(5, 5, '2022-05-20', 210, 13.99),
(6, 6, '2022-06-15', 180, 10.99),
(7, 7, '2022-07-01', 200, 12.99),
(8, 8, '2022-08-12', 230, 15.99),
(9, 9, '2022-09-25', 195, 11.99),
(10, 10, '2022-10-10', 210, 13.99),
(11, 11, '2022-11-05', 220, 14.99),
(12, 12, '2022-12-20', 200, 12.99),
(13, 13, '2023-01-01', 190, 11.99),
(14, 14, '2023-02-15', 205, 13.99),
(15, 15, '2023-03-10', 195, 11.99),
(16, 16, '2023-04-05', 210, 13.99),
(17, 17, '2023-05-20', 220, 14.99),
(18, 18, '2023-06-15', 200, 12.99),
(19, 19, '2023-07-01', 190, 11.99),
(20, 20, '2023-08-12', 205, 13.99),
(21, 21, '2023-09-25', 210, 13.99),
(22, 22, '2023-10-10', 195, 11.99),
(23, 23, '2023-11-05', 200, 12.99),
(24, 24, '2023-12-20', 220, 14.99),
(25, 25, '2024-01-01', 190, 11.99),
(26, 26, '2024-02-15', 205, 13.99),
(27, 27, '2024-03-10', 210, 13.99),
(28, 28, '2024-04-05', 220, 14.99),
(29, 29, '2024-05-20', 200, 12.99),
(30, 30, '2024-06-15', 195, 11.99),
(31, 31, '2024-07-01', 205, 13.99),
(32, 32, '2024-08-12', 210, 13.99),
(33, 33, '2024-09-25', 220, 14.99),
(34, 34, '2024-10-10', 200, 12.99),
(35, 35, '2024-11-05', 190, 11.99),
(36, 36, '2024-12-20', 205, 13.99),
(37, 37, '2025-01-01', 210, 13.99),
(38, 38, '2025-02-15', 220, 14.99),
(39, 39, '2025-03-10', 200, 12.99),
(40, 40, '2025-04-05', 195, 11.99),
(41, 41, '2025-05-20', 205, 13.99),
(42, 42, '2025-06-15', 210, 13.99),
(43, 43, '2025-07-01', 220, 14.99),
(44, 44, '2025-08-12', 200, 12.99),
(45, 45, '2025-09-25', 195, 11.99),
(46, 46, '2025-10-10', 205, 13.99),
(47, 47, '2025-11-05', 210, 13.99),
(48, 48, '2025-12-20', 220, 14.99),
(49, 49, '2026-01-01', 200, 12.99),
(50, 50, '2026-02-15', 195, 11.99);


-- Entries for 'manga_chapters' table
INSERT INTO manga_chapters (id, manga_volumes_id, title, pages, average_rating)
VALUES
  (1, 1, 'Chapter 11: The Beginning', 30, 4.5),
  (2, 2, 'Chapter 9: The Encounter', 28, 4.2),
  (3, 3, 'Chapter 3: Trials and Tribulations', 32, 4.0),
  (4, 4, 'Chapter 15: Unveiling Secrets', 25, 4.1),
  (5, 5, 'Chapter 14: The Quest Begins', 34, 4.3),
  (6, 6, 'Chapter 1: Shadows of the Past', 26, 3.9),
  (7, 7, 'Chapter 25: Into the Unknown', 29, 4.2),
  (8, 8, 'Chapter 1: The Turning Point', 31, 4.0),
  (9, 9, 'Chapter 8: Confrontation', 33, 4.4),
  (10, 10, 'Chapter 9: Embrace of Destiny', 27, 4.2),
  (11, 11, 'Chapter 17: Midnight Whispers', 30, 4.1),
  (12, 12, 'Chapter 6: Echoes of Eternity', 28, 4.3),
  (13, 13, 'Chapter 4: The Final Showdown', 35, 4.5),
  (14, 14, 'Chapter 5: Epilogue', 22, 4.2),
  (15, 15, 'Chapter 6: A New Dawn', 29, 4.0),
  (16, 16, 'Chapter 5: Reunion', 31, 4.2),
  (17, 17, 'Chapter 11: The Forgotten Realm', 32, 3.8),
  (18, 18, 'Chapter 23: Veil of Illusions', 28, 4.1),
  (19, 19, 'Chapter 45: Rise of the Phoenix', 30, 4.3),
  (20, 20, 'Chapter 62: Flames of Redemption', 26, 3.9),
  (21, 21, 'Chapter 39: Carnival of Dreams', 33, 4.2),
  (22, 22, 'Chapter 22: Masquerade Ball', 28, 4.0),
  (23, 23, 'Chapter 44: Enigmatic Revelations', 31, 4.4),
  (24, 24, 'Chapter 14: Shattered Illusions', 27, 4.2),
  (25, 25, 'Chapter 25: Beyond the Horizon', 30, 4.1),
  (26, 26, 'Chapter 14: Whispers in the Wind', 29, 4.3),
  (27, 27, 'Chapter 7: Labyrinth of Shadows', 30, 4.0),
  (28, 28, 'Chapter 36: Dance of Deception', 28, 4.2),
  (29, 29, 'Chapter 25: Serenade under the Moonlight', 31, 4.1),
  (30, 30, 'Chapter 40: Prelude to Destiny', 27, 4.4),
  (31, 31, 'Chapter 34: Crimson Sky', 32, 4.2),
  (32, 32, 'Chapter 2: Wandering Souls', 29, 4.0),
  (33, 33, 'Chapter 3: Resonance of Fate', 30, 4.3),
  (34, 34, 'Chapter 6: Mirage Mirage', 28, 3.9),
  (35, 35, 'Chapter 2: Sands of Time', 31, 4.1),
  (36, 36, 'Chapter 3: Celestial Harmony', 26, 4.2),
  (37, 37, 'Chapter 4: Phoenix Ascendant', 33, 4.5),
  (38, 38, 'Chapter 14: Shadows of the Abyss', 29, 4.1),
  (39, 39, 'Chapter 15: Starlight Sonata', 30, 4.2),
  (40, 40, 'Chapter 15: Reflections of Tomorrow', 27, 4.0),
  (41, 41, 'Chapter 12: Ephemeral Dreams', 32, 4.3),
  (42, 42, 'Chapter 13: Enchanted Melodies', 28, 4.2),
  (43, 43, 'Chapter 4: Symphony of Destiny', 29, 3.8),
  (44, 44, 'Chapter 13: Veil of Twilight', 30, 4.0),
  (45, 45, 'Chapter 42: Reverie of Roses', 31, 4.2),
  (46, 46, 'Chapter 13: Whispers in the Breeze', 28, 4.1),
  (47, 47, 'Chapter 47: Arcane Illusions', 29, 4.3),
  (48, 48, 'Chapter 8: Shadows of the Eclipse', 30, 4.0),
  (49, 49, 'Chapter 9: Destinys Embrace', 31, 4.2),
  (50, 50, 'Chapter 5: Final Crescendo', 28, 4.4);











 













